speed,length,tem,y
3.875,42.8,1444.875,103.999
4,42.863,1444.875,104.982
7.625,42.93,1444.875,104.971
10.25,43.088,1445,104.987
8.625,43.258,1445.5,105.026
10,43.405,1446.625,105.045
9.875,43.56,1446,105.059
10,43.723,1445.75,105.063
9.75,43.858,1444.875,105.039
8.875,44.009,1444.75,105.031
9.25,44.156,1444.75,105.002
9,44.289,1444.75,104.975
8.125,44.424,1444.75,104.934
9,44.572,1444.875,104.959
8.25,44.724,1444.875,104.944
8.625,44.873,1444.75,104.95
8.625,45.01,1445,104.909
8.5,45.147,1445.125,104.899
10.25,45.28,1444.875,104.906
9.125,45.429,1445,104.904
8.75,45.568,1444.875,104.892
8,45.699,1444.75,104.857
8.75,45.882,1446.75,104.862
6.75,45.966,1445.375,104.813
7.375,46.078,1446.125,104.773
7.25,46.203,1445.375,104.759
7,46.322,1445.25,104.744
8.25,46.438,1445.25,104.728
9.125,46.559,1445.125,104.74
5.875,46.666,1444.75,104.687
7.625,46.778,1445.875,104.704
7.375,46.885,1445.375,104.685
6.5,46.999,1445.625,104.682
5.75,47.118,1446.125,104.668
7.75,47.22,1445.25,104.663
5.875,47.337,1444.875,104.639
7.125,47.455,1447.625,104.643
7.125,47.567,1445.625,104.642
7.5,47.667,1446,104.627
8.125,47.785,1446,104.63
7.375,47.893,1445.5,104.616
5.375,48.004,1445.875,104.59
6.625,48.093,1444.75,104.579
6.75,48.207,1445.875,104.599
5.875,48.3,1445.375,104.567
5.5,48.418,1445,104.523
6,48.483,1445,104.532
6.25,48.586,1446.125,104.523
6.5,48.686,1444.75,104.523
5.375,48.784,1444.875,104.509
5.875,48.87,1444.75,104.481
8,48.965,1444.75,104.52
7.625,49.081,1446.125,104.547
5.5,49.16,1444.875,104.479
4.625,49.233,1444.75,104.424
5.625,49.319,1444.75,104.45
4,49.405,1444.625,104.42
4.75,49.484,1444.75,104.416
4.875,49.572,1444.875,104.422
6.75,49.682,1445.25,104.467
7.625,49.779,1444.75,104.476
5.625,49.889,1444.75,104.459
6.625,49.996,1446.125,104.478
7.5,50.093,1445.5,104.493
8.375,50.212,1446.75,104.512
7.25,50.324,1445.875,104.517
7.375,50.491,1445,104.536
7.75,50.575,1445,104.521
7.375,50.694,1448.25,104.511
8.375,50.831,1446.125,104.544
5.5,50.959,1445.125,104.468
6.875,51.022,1444.75,104.468
8.875,51.136,1446.125,104.497
7.125,51.261,1446,104.469
7.75,51.371,1445.25,104.478
8.125,51.482,1445.125,104.486
6.875,51.601,1444.75,104.465
5.625,51.706,1444.875,104.433
5.875,51.801,1444.75,104.406
6.75,51.901,1445.25,104.421
6.375,52.029,1445.25,104.435
5.25,52.136,1444.875,104.394
7.25,52.243,1445.375,104.42
7.125,52.353,1445.75,104.401
8.5,52.467,1446.125,104.426
6,52.56,1444.875,104.376
7.375,52.66,1446.25,104.396
7,52.764,1446.125,104.377
6.25,52.86,1444.875,104.37
5,52.953,1444.75,104.332
5.75,53.034,1445.375,104.32
6.125,53.141,1446,104.348
5,53.227,1445.25,104.304
4.625,53.32,1444.75,104.29
6.375,53.423,1444.75,104.331
5,53.511,1444.875,104.287
6.875,53.6,1444.75,104.303
7.125,53.693,1444.75,104.331
6.125,53.804,1444.75,104.333
6.75,53.904,1444.875,104.339
6.75,54.007,1444.75,104.345
5,54.107,1444.75,104.304
6.625,54.225,1446.125,104.358
5.375,54.328,1445.375,104.327
4.875,54.425,1444.625,104.291
6.5,54.54,1444.625,104.324
6.75,54.658,1444.75,104.342
7.5,54.761,1446.875,104.343
8.75,54.877,1446.125,104.368
7.75,54.989,1446.125,104.345
7.125,55.105,1445.75,104.36
8.5,55.212,1445.75,104.358
6.375,55.333,1444.625,104.34
5.25,55.433,1444.5,104.305
5.875,55.528,1444.375,104.292
6.125,55.633,1445.5,104.273
6.5,55.74,1445,104.286
8,55.866,1445.125,104.34
8.5,55.991,1444.875,104.358
8.625,56.11,1444.75,104.353
8,56.238,1444.75,104.352
7.375,56.354,1445,104.338
8.25,56.473,1444.75,104.358
8,56.603,1445,104.336
7.625,56.717,1445.5,104.34
9.25,56.847,1445,104.382
8.625,57.038,1444.75,104.381
8.125,57.138,1444.75,104.39
8.375,57.255,1444.75,104.354
10.125,57.399,1445.25,104.434
8.625,57.543,1444.875,104.401
10.25,57.692,1445.375,104.437
8.125,57.855,1444.75,104.405
8,57.967,1444.75,104.384
8.625,58.099,1444.875,104.365
6.5,58.227,1444.75,104.323
9,58.374,1444.875,104.39
4.875,58.49,1444.5,104.286
7,58.588,1444.75,104.251
6.75,58.727,1446,104.234
6.625,58.797,1444.75,104.242
7.875,58.939,1445,104.275
6.5,59.09,1444.625,104.238
8.625,59.165,1446.125,104.282
6.25,59.274,1444.75,104.234
6.25,59.377,1444.75,104.206
6.625,59.474,1444.75,104.21
4.625,59.565,1444.625,104.167
6.25,59.663,1444.75,104.186
5.625,59.765,1444.75,104.164
6.25,59.847,1445,104.153
6.75,59.958,1444.75,104.174
6,60.061,1445.75,104.171
7.875,60.163,1446,104.198
6.5,60.277,1444.875,104.202
7,60.386,1444.875,104.212
6.5,60.498,1444.75,104.193
6.5,60.598,1445.75,104.195
5.875,60.696,1445,104.173
5,60.789,1444.75,104.139
6,60.891,1445.625,104.151
6.875,60.984,1444.875,104.158
6,61.103,1445.125,104.165
5.25,61.182,1446.125,104.111
6.875,61.287,1444.5,104.157
6.5,61.396,1445.25,104.17
5.875,61.477,1444.75,104.125
6.625,61.563,1444.875,104.13
5.25,61.654,1444.75,104.107
4.25,61.733,1444.75,104.074
6.125,61.812,1444.875,104.091
6,61.905,1444.75,104.109
5.25,61.994,1444.875,104.097
4.5,62.115,1445.5,104.064
5,62.161,1445,104.065
7.125,62.264,1445.125,104.112
7,62.35,1444.875,104.12
6.5,62.445,1444.75,104.115
6.375,62.527,1444.75,104.114
5.5,62.629,1444.875,104.108
3.875,62.713,1445.875,104.076
6.75,62.838,1444.75,104.113
5.375,62.894,1444.625,104.103
4.125,63.018,1445.75,104.08
4.125,63.078,1444.875,104.073
5,63.178,1445.5,104.055
7.625,63.25,1446,104.118
4.5,63.357,1445,104.09
7,63.432,1445.625,104.099
7,63.527,1445.75,104.118
4.5,63.616,1444.75,104.081
5.625,63.69,1444.75,104.075
4.875,63.774,1446.125,104.054
3.875,63.841,1444.75,104.02
5.75,63.92,1444.875,104.052
4.75,64.011,1444.5,104.041
4.875,64.111,1445,104.001
5.25,64.153,1444.75,104.02
6.25,64.237,1444.625,104.054
6.375,64.323,1444.75,104.071
5.75,64.416,1445.75,104.07
6,64.502,1444.875,104.072
5,64.59,1445.125,104.073
5.5,64.679,1445.125,104.084
6.125,64.769,1446.625,104.091
7.625,64.879,1444.75,104.129
8,65,1444.75,104.175
7.75,65.135,1444.75,104.196
6.75,65.237,1445.5,104.154
9.375,65.37,1446.875,104.221
6.25,65.493,1444.625,104.18
9.875,65.607,1444.75,104.233
5.875,65.735,1444.5,104.176
7.625,65.847,1444.5,104.189
9.5,65.989,1444.875,104.23
7.25,66.105,1444.625,104.205
6.125,66.224,1444.625,104.158
7.375,66.354,1445.25,104.193
6.75,66.487,1444.875,104.189
7.25,66.601,1444.625,104.191
7.75,66.728,1444.75,104.186
10.25,66.857,1444.625,104.228
8.625,66.982,1444.875,104.206
8.625,67.119,1444.75,104.241
7.625,67.25,1444.625,104.21
9.875,67.392,1444.875,104.276
7.25,67.531,1444.75,104.238
8.625,67.661,1444.5,104.23
8.75,67.794,1444.75,104.225
8.625,67.941,1444.5,104.224
8.75,68.085,1444.5,104.249
10,68.238,1445.75,104.28
9.5,68.394,1446,104.283
10.125,68.546,1444.625,104.29
8.5,68.683,1444.75,104.245
9.125,68.82,1444.75,104.245
7.625,68.955,1446.125,104.212
9.5,69.106,1446.125,104.265
7.625,69.262,1445.5,104.247
7.75,69.397,1446.625,104.226
7.625,69.537,1444.75,104.203
7,69.681,1444.75,104.18
6,69.788,1444.75,104.123
8.125,69.907,1445.5,104.133
8.125,70.032,1445.5,104.145
8,70.163,1444.75,104.149
5.875,70.263,1445.625,104.092
7.875,70.381,1444.875,104.115
5.125,70.481,1444.75,104.064
6.75,70.586,1444.5,104.078
7,70.698,1444.875,104.086
6.375,70.814,1445.75,104.069
6.5,70.935,1445.875,104.082
6.75,71.044,1445.25,104.082
6.75,71.163,1445.75,104.068
7.5,71.263,1445.625,104.067
6.75,71.358,1444.75,104.056
6.5,71.465,1444.5,104.061
5.25,71.561,1444.5,104.017
4.75,71.642,1444.75,103.999
4.625,71.731,1444.875,103.991
5.5,71.842,1445.625,104.026
5.625,71.931,1445.5,104.002
7.375,72.024,1444.75,104.019
7,72.131,1444.875,104.033
8,72.238,1444.75,104.055
4.625,72.312,1444.375,103.953
6,72.408,1445.875,103.995
5.625,72.484,1444.75,103.972
4.625,72.561,1444.625,103.961
6,72.643,1445.625,103.983
4.75,72.724,1444.625,103.953
5,72.815,1446.625,103.973
5.125,72.906,1445.125,103.981
5.625,72.987,1445.75,103.966
3.625,73.059,1444.625,103.913
5.875,73.136,1444.625,103.944
3.5,73.21,1444.625,103.898
5.875,73.275,1444.625,103.925
4.125,73.357,1444.75,103.922
4,73.427,1444.625,103.905
4.875,73.506,1444.75,103.946
4,73.569,1444.5,103.896
4.875,73.636,1444.5,103.894
4.25,73.718,1446,103.919
6.125,73.792,1444.25,103.936
6,73.892,1445.375,103.965
4.5,73.973,1444.125,103.93
8,74.055,1444.5,103.986
7.125,74.167,1445.375,104.034
7.75,74.269,1444.75,104.066
6.375,74.402,1444.75,104.088
7.875,74.513,1444.625,104.105
8,74.632,1444.75,104.124
8.125,74.762,1444.125,104.146
5.875,74.885,1444,104.1
7.625,75.072,1446.5,104.162
9.375,75.158,1446,104.178
8.25,75.311,1445.125,104.197
8.875,75.451,1444.125,104.229
10.25,75.602,1446.375,104.271
10.25,75.805,1445.125,104.269
10,75.912,1446.375,104.336
7.5,76.053,1444.625,104.279
8.5,76.191,1443.375,104.246
7.25,76.321,1443.125,104.216
8.625,76.458,1444.75,104.228
9.125,76.61,1444.625,104.235
8.75,76.754,1444.625,104.249
9.25,76.9,1444.75,104.276
9.75,77.056,1444.75,104.285
8.875,77.201,1444.75,104.259
9.375,77.389,1444.75,104.296
9.25,77.554,1444.625,104.286
10.25,77.656,1444.75,104.31
9.625,77.857,1444.625,104.289
8.25,77.947,1444.5,104.258
8.25,78.099,1446,104.253
9.25,78.257,1444.75,104.311
8.125,78.396,1444.5,104.257
8.75,78.55,1444.75,104.266
9,78.682,1444.125,104.227
10.25,78.829,1444.75,104.257
8.5,78.978,1444.75,104.251
9,79.118,1444.625,104.232
9.25,79.264,1444.125,104.242
8.625,79.408,1443.75,104.226
8.125,79.539,1444.625,104.205
6.5,79.683,1444.5,104.172
7.5,79.804,1444,104.163
9.625,79.946,1445.375,104.216
8.875,80.097,1444.875,104.211
8.5,80.239,1444.75,104.194
9,80.388,1444.875,104.208
8.875,80.525,1444.625,104.204
9.375,80.667,1444.75,104.2
9.875,80.807,1444.5,104.21
8,80.958,1444.625,104.186
8,81.081,1445.5,104.179
9,81.218,1444.125,104.176
8.125,81.351,1444.75,104.165
8.875,81.495,1444.75,104.18
6,81.635,1444.5,104.117
8.75,81.765,1444.625,104.143
7.5,81.895,1444.5,104.116
6.875,81.998,1444.5,104.072
9.75,82.119,1445,104.128
8.25,82.261,1444.75,104.133
7.25,82.393,1444.625,104.127
7.375,82.505,1444.125,104.1
7.125,82.631,1444.375,104.103
6.125,82.742,1444.5,104.058
5.875,82.847,1444.5,104.037
6.375,82.954,1444.75,104.028
8.5,83.059,1444.75,104.067
8.5,83.194,1444.375,104.092
7.75,83.322,1445.125,104.078
7.875,83.443,1444.875,104.086
9.25,83.573,1444.625,104.125
8.625,83.703,1443.875,104.114
8.125,83.859,1443.875,104.084
7.375,83.929,1443.125,104.08
7.125,84.127,1443.375,104.083
6.5,84.183,1443,104.074
7.375,84.311,1445.75,104.077
10.25,84.443,1445.75,104.139
8.375,84.594,1444.75,104.127
7.375,84.713,1444.5,104.1
9.625,84.839,1444.5,104.133
6.75,84.981,1444.875,104.091
8.25,85.099,1444.875,104.096
9,85.278,1444.75,104.113
8.75,85.418,1445.375,104.135
8.375,85.506,1444.875,104.139
8.125,85.679,1444.75,104.109
7.875,85.767,1444.375,104.101
7.75,85.939,1444.5,104.095
7.25,86.016,1444.375,104.084
9.25,86.16,1444.875,104.127
8.5,86.302,1444.75,104.127
7.5,86.43,1444.875,104.102
8,86.6,1445.375,104.098
7.375,86.691,1444.75,104.096
8.125,86.816,1444.5,104.091
6,86.944,1444.5,104.05
6.125,87.054,1444.5,104.032
9.375,87.186,1446.125,104.097
8.5,87.314,1444.625,104.074
8.625,87.435,1444.75,104.065
7.625,87.558,1444.5,104.06
8.125,87.677,1444.875,104.081
7.375,87.814,1444.875,104.084
6.5,87.938,1444.125,104.064
7.125,88.061,1444.5,104.068
7.5,88.187,1444.875,104.059
7.625,88.312,1444.25,104.065
8.375,88.445,1444.875,104.082
9.375,88.575,1444.25,104.103
9.375,88.717,1444.375,104.116
9.875,88.866,1444.5,104.141
10.125,89.019,1444.5,104.178
8.875,89.159,1444.625,104.15
9.25,89.313,1444.625,104.156
8.5,89.448,1444.5,104.122
9.5,89.59,1445.5,104.146
6.375,89.734,1445.25,104.129
7.75,89.864,1444.75,104.107
8.25,89.992,1444.25,104.092
9.375,90.136,1444.75,104.11
7.375,90.267,1444,104.075
7.5,90.383,1444.25,104.045
9.25,90.518,1444.75,104.085
8.75,90.66,1444.75,104.092
8.75,90.788,1444.875,104.093
8,90.918,1444.75,104.076
8.625,91.048,1444.5,104.091
7.375,91.19,1444.5,104.077
7.625,91.318,1445.5,104.067
9.125,91.474,1445.375,104.125
8.625,91.607,1444.75,104.097
9.375,91.758,1444.75,104.119
10.125,91.895,1444.875,104.114
7.875,92.037,1444.125,104.084
9.25,92.163,1444.375,104.09
8.5,92.358,1444.625,104.106
5.875,92.433,1444.125,104.046
8.125,92.558,1444.125,104.071
7,92.679,1443.125,104.036
8.25,92.805,1444.375,104.064
8,92.944,1444.125,104.059
7.75,93.084,1444.875,104.065
9,93.228,1443.875,104.085
9.5,93.379,1444.75,104.137
8.375,93.51,1444.875,104.097
7.5,93.626,1444.875,104.049
8.75,93.756,1444.75,104.073
7.125,93.894,1444.5,104.071
8.375,94.033,1444.75,104.083
8.25,94.171,1444.5,104.083
6.75,94.312,1444.5,104.062
7.625,94.436,1444.5,104.053
9.125,94.58,1444.75,104.079
8.125,94.72,1444.75,104.069
9.625,94.857,1445.625,104.091
8.75,94.989,1444.75,104.066
10.25,95.131,1446,104.11
8.125,95.264,1444.875,104.08
8,95.401,1445,104.086
8.125,95.539,1444.75,104.082
6.875,95.662,1444.5,104.04
6.125,95.783,1444.5,103.996
6.5,95.894,1446.125,103.993
6.25,96.009,1445,103.967
6.625,96.125,1444.625,103.971
7.375,96.237,1444.75,103.967
8,96.351,1445.75,103.986
6.375,96.439,1444.875,103.931
7,96.541,1444.625,103.934
7.125,96.651,1444.75,103.959
6.75,96.751,1444.75,103.952
5.25,96.842,1445.375,103.915
4.625,96.939,1444.875,103.899
3.25,97.016,1444.5,103.836
4.5,97.079,1444.125,103.815
6.125,97.149,1445.125,103.836
5.375,97.239,1445.875,103.844
4.875,97.358,1444.75,103.847
5.875,97.416,1444.5,103.876
5.875,97.5,1445,103.881
6.125,97.581,1445,103.892
4.625,97.665,1444,103.868
3.25,97.73,1443.375,103.811
5.625,97.816,1443.75,103.863
5.5,97.907,1443.75,103.878
6.25,98.007,1444.5,103.906
6.875,98.121,1444.875,103.939
7.25,98.235,1444.625,103.969
6.5,98.331,1444.125,103.947
7.625,98.428,1444.375,103.954
6.375,98.547,1444.875,103.955
7.375,98.649,1445.125,103.997
5.5,98.745,1446.125,103.95
5.625,98.854,1444.75,103.961
6,98.961,1444.75,103.966
7.125,99.087,1444.75,103.998
4.875,99.182,1444.75,103.935
8.625,99.308,1445,104.022
7.75,99.45,1444.875,104.035
6.75,99.554,1444.5,104.003
10.125,99.675,1444.75,104.058
7.625,99.806,1444.625,104.042
8.5,99.945,1444.75,104.079
7.875,100.066,1444.125,104.061
7,100.189,1444.75,104.051
9,100.327,1444.5,104.087
8,100.471,1444.625,104.081
8.875,100.611,1444.75,104.097
7.625,100.755,1444.125,104.082
8.125,100.887,1444,104.071
7.25,101.02,1445,104.053
9.125,101.153,1444.625,104.078
8.75,101.29,1444.875,104.079
7.75,101.404,1444.5,104.046
8,101.541,1444.875,104.073
7.375,101.662,1445.375,104.056
8.25,101.806,1446.125,104.078
7.25,101.923,1445.75,104.027
6.5,102.041,1444.75,104.012
6.875,102.167,1444.75,104.013
5.625,102.267,1443.75,103.961
6.5,102.369,1445,103.955
5.75,102.469,1444.25,103.934
5.75,102.572,1444.875,103.924
5.5,102.672,1444.5,103.925
5.25,102.742,1445.375,103.888
4.5,102.823,1444.875,103.87
5.375,102.902,1444.875,103.871
6.25,103.026,1444.75,103.909
5.125,103.081,1444.625,103.881
4.75,103.158,1444.625,103.866
4.625,103.221,1444.875,103.833
4.5,103.3,1444.875,103.84
5.5,103.393,1445.25,103.869
5.5,103.468,1444.125,103.852
5.375,103.535,1444,103.846
4.625,103.6,1444.75,103.822
4.75,103.677,1444.625,103.84
4.875,103.747,1444.375,103.844
3.5,103.819,1446.5,103.82
4,103.891,1446,103.823
5.5,103.966,1444.375,103.856
3.625,104.04,1444.75,103.826
3.875,104.103,1443.625,103.81
4.125,104.161,1444.625,103.787
5.625,104.235,1444.75,103.837
6.125,104.324,1444.375,103.872
5.75,104.391,1444.75,103.881
4.875,104.466,1444.5,103.864
6.875,104.554,1445.75,103.918
4.75,104.643,1444.875,103.9
4.625,104.729,1444.75,103.903
5.75,104.822,1444.5,103.928
5.25,104.917,1444.125,103.915
8.125,105.012,1444.75,103.975
7.25,105.14,1444.5,104.002
5.5,105.236,1444.375,103.964
6.375,105.326,1444,103.96
9.5,105.438,1444.375,104.045
7.25,105.571,1444.25,104.04
7,105.68,1443.125,104.035
6.75,105.794,1443.125,104.03
10.25,105.931,1445,104.129
8.625,106.09,1444.5,104.166
7.625,106.229,1443.875,104.141
8.875,106.367,1445.125,104.144
9.75,106.527,1444.875,104.247
9.25,106.683,1446.625,104.24
10.25,106.834,1444,104.277
10.25,106.992,1444.75,104.287
9.5,107.153,1444.75,104.322
9,107.313,1444.125,104.309
9.25,107.469,1445.75,104.369
8.875,107.63,1444.875,104.354
9.875,107.79,1444.5,104.367
7.75,107.942,1444.125,104.324
9.375,108.084,1445.125,104.35
9.875,108.242,1444.125,104.349
9.875,108.405,1445.5,104.379
9.875,108.558,1444.875,104.358
9.875,108.702,1444.75,104.344
10.25,108.858,1445,104.372
8.875,109.012,1444.625,104.337
8.375,109.147,1443.75,104.304
7.75,109.289,1443.5,104.283
8.375,109.426,1444.125,104.282
7.625,109.563,1443.875,104.253
7.375,109.701,1444.5,104.248
8.375,109.845,1444.875,104.251
8.875,110.038,1444.75,104.28
9.75,110.131,1444.625,104.275
6,110.25,1443.625,104.184
8.375,110.364,1444.875,104.208
9,110.496,1445,104.229
8,110.636,1444.875,104.225
7.5,110.773,1445.375,104.224
5.75,110.885,1444.75,104.165
8.75,111.003,1444.875,104.201
6.5,111.136,1444.625,104.162
7.125,111.241,1444.75,104.148
6.5,111.366,1444.875,104.151
6.125,111.455,1444.5,104.089
5.25,111.545,1443.875,104.054
7.625,111.685,1445,104.097
6.75,111.801,1444.5,104.101
5.25,111.862,1444.5,104.067
6.5,111.948,1444.625,104.077
6.75,112.062,1444.5,104.102
4.875,112.153,1444.125,104.053
5.125,112.241,1443.875,104.048
6.375,112.355,1445.375,104.088
7,112.462,1444.75,104.104
8.625,112.597,1444.875,104.154
5.25,112.704,1444.625,104.086
7.375,112.809,1444.625,104.107
7.25,112.923,1444.75,104.117
6.25,113.03,1444.875,104.106
6.5,113.139,1444.5,104.099
5.375,113.232,1444.875,104.083
6.375,113.349,1444.875,104.1
6.375,113.458,1444.125,104.09
7.375,113.579,1445.75,104.114
6.75,113.7,1444.625,104.11
6.5,113.795,1444.5,104.076
7.25,113.902,1444.75,104.099
8.375,114.03,1445.75,104.145
8,114.161,1445,104.14
7.125,114.282,1444.625,104.128
6.5,114.396,1444.625,104.118
6.5,114.505,1444.625,104.111
5.25,114.607,1444.5,104.078
7,114.724,1444.875,104.103
3.75,114.814,1444.75,104.019
4.75,114.91,1443.5,104.021
6.5,114.996,1445.25,104.023
7,115.108,1446,104.049
7.75,115.21,1445,104.071
6.75,115.324,1444.875,104.061
7.75,115.417,1444.5,104.066
5.375,115.529,1444.625,104.049
5.5,115.612,1444.75,104.038
5.875,115.719,1444.875,104.051
5.5,115.81,1444.125,104.021
5.25,115.892,1444.25,104
6,115.998,1444.625,104.044
5.625,116.101,1444.75,104.025
6.75,116.196,1444.75,104.038
7,116.313,1444.875,104.066
6.5,116.415,1444.625,104.041
6.625,116.51,1446.375,104.052
7.75,116.62,1444.875,104.078
4.875,116.727,1444.5,104.051
7.25,116.817,1444.625,104.065
7,116.92,1444.5,104.069
5.875,117.036,1444.375,104.058
5.125,117.127,1443.125,104.016
6.75,117.227,1443.125,104.048
7.625,117.346,1444.375,104.084
6,117.45,1443.75,104.047
7.25,117.55,1443.125,104.068
8.125,117.664,1443,104.081
7.25,117.767,1443.125,104.074
8,117.876,1443.625,104.098
9.25,118.02,1444,104.165
9.125,118.169,1444.25,104.198
8.5,118.318,1443.75,104.191
7.75,118.46,1443.375,104.181
10.125,118.616,1444.75,104.264
8.75,118.776,1444.125,104.267
9.375,118.93,1445.375,104.325
7.75,119.072,1444.25,104.279
9.375,119.214,1443,104.283
10.25,119.372,1444.5,104.34
10.125,119.533,1445.375,104.389
10,119.691,1444.5,104.402
9.5,119.842,1445.25,104.379
9,119.993,1444.625,104.356
8,120.144,1446.125,104.366
7.25,120.268,1444,104.297
8.75,120.407,1444.625,104.307
8.625,120.556,1444.5,104.304
8.25,120.691,1443.875,104.271
8.375,120.81,1443,104.235
7,120.926,1443.125,104.211
9.625,121.066,1444.75,104.275
8.5,121.21,1444.5,104.274
8.625,121.34,1444.375,104.28
8.375,121.492,1446.125,104.293
9,121.64,1444.625,104.291
7.75,121.775,1444.75,104.259
8.75,121.922,1444.75,104.27
7.375,122.048,1444.625,104.222
9.375,122.169,1445.5,104.239
9.5,122.364,1445,104.255
7.625,122.452,1444.875,104.236
8.75,122.576,1444.5,104.227
7.75,122.697,1443.875,104.207
8.125,122.829,1443.75,104.222
7,122.957,1443.375,104.197
8.5,123.076,1444.625,104.211
7.875,123.216,1444.625,104.206
8.375,123.355,1445.75,104.237
8.25,123.495,1444.875,104.229
10,123.637,1446,104.257
9.625,123.788,1444.875,104.265
8.125,123.932,1444.875,104.238
10.125,124.079,1444.75,104.278
7.625,124.221,1444.5,104.232
9.25,124.356,1444.75,104.237
7.625,124.493,1444.875,104.214
8.75,124.644,1444.875,104.242
7.5,124.767,1445.25,104.19
8.25,124.902,1444.75,104.202
8.375,125.019,1444.75,104.18
7.75,125.156,1444.75,104.171
8.125,125.284,1444.75,104.168
7.75,125.405,1444.125,104.148
6.5,125.51,1443.75,104.088
7.375,125.619,1443.375,104.099
9.875,125.733,1445.25,104.15
7.75,125.88,1445,104.165
8.75,126.026,1444.875,104.199
7.375,126.161,1444.625,104.183
7.375,126.275,1446.25,104.151
8.5,126.408,1444.875,104.171
6.375,126.55,1445.25,104.148
8.625,126.678,1443.75,104.16
7.875,126.796,1443.75,104.139
8.125,126.936,1444.875,104.156
6.75,127.055,1444.5,104.11
6,127.164,1444.125,104.076
6.625,127.28,1444.125,104.091
6.5,127.385,1444.25,104.078
8.125,127.499,1444.375,104.104
8,127.629,1444.375,104.105
8.625,127.752,1444.75,104.132
9.5,127.904,1445.5,104.18
6.75,128.032,1444.5,104.135
6.125,128.139,1444.375,104.084
9.75,128.253,1446.25,104.135
8.125,128.404,1445.125,104.15
8.25,128.525,1445.75,104.138
8.25,128.653,1444.875,104.141
7.125,128.769,1446.625,104.116
8.75,128.916,1446,104.168
6.25,129.032,1444.875,104.108
4.625,129.125,1444.625,104.036
3.5,129.207,1444.5,103.977
4.75,129.293,1444.75,103.976
3.75,129.379,1444.5,103.936
5.625,129.458,1444.875,103.953
5.625,129.556,1444.875,103.961
7.125,129.691,1445.75,104.009
5.375,129.746,1444.625,103.979
6.375,129.832,1444.5,103.99
7.5,129.925,1444.875,104.019
6,130.037,1444.75,104.019
6.125,130.142,1445.25,104.031
6.25,130.244,1444.625,104.029
8.25,130.374,1445.625,104.091
7.5,130.495,1444.625,104.078
7.25,130.67,1444.75,104.093
6.375,130.735,1444.5,104.06
9.75,130.865,1446.75,104.12
5.5,130.984,1444.75,104.057
7.5,131.086,1444.875,104.074
9.125,131.214,1445.375,104.111
6.75,131.342,1444.875,104.1
6.25,131.456,1444.75,104.085
7.375,131.589,1445.625,104.118
6.625,131.712,1445,104.098
6.5,131.833,1444.625,104.082
6.625,131.947,1444.625,104.066
6.125,132.059,1444.875,104.029
7.5,132.157,1444.25,104.032
8.75,132.268,1444.5,104.059
9.375,132.399,1444.875,104.106
8.375,132.534,1444.875,104.112
6.75,132.664,1444.5,104.099
6.75,132.778,1444.75,104.093
7.25,132.908,1444.75,104.1
7.375,133.027,1444.75,104.093
7.625,133.176,1445.5,104.128
8,133.311,1444.5,104.128
8.375,133.446,1444.125,104.13
9.625,133.602,1446.125,104.206
7.75,133.734,1444.75,104.145
9.125,133.869,1444.5,104.145
10.25,134.009,1445.625,104.175
8.875,134.165,1445.125,104.185
9.875,134.311,1444.625,104.208
6.875,134.448,1444.875,104.14
7.25,134.586,1445.625,104.139
8.625,134.732,1444.75,104.171
7,134.869,1445.125,104.13
7.5,134.988,1444.75,104.093
9.375,135.123,1444.875,104.114
7.75,135.256,1444.875,104.083
8.375,135.36,1444.875,104.057
8.125,135.491,1444.875,104.072
8.25,135.6,1444.75,104.068
6.625,135.73,1444.625,104.037
7.375,135.865,1444.875,104.033
6.875,135.937,1444.875,104.025
5.5,136.086,1444.5,104.006
6.625,136.154,1445.375,104.004
5.25,136.24,1444.5,103.947
5,136.314,1443.5,103.909
5.375,136.386,1443,103.9
5.625,136.482,1444,103.922
7.25,136.582,1444.75,103.961
6.5,136.694,1444.875,103.979
7,136.8,1445,103.996
7.25,136.915,1444.875,104.023
8,137.045,1445,104.066
6.5,137.166,1444.75,104.034
5.625,137.275,1444.75,104.025
6.75,137.401,1444.875,104.041
5.25,137.51,1444.5,104.009
6.875,137.617,1444.5,104.023
7,137.724,1444.375,103.999
9.5,137.847,1444.875,104.055
9.625,137.985,1445.25,104.099
10,138.134,1444.875,104.143
8.5,138.285,1445.125,104.154
8,138.427,1445.5,104.143
7.375,138.564,1444.5,104.13
9.25,138.757,1444.75,104.15
7.875,138.846,1445,104.122
8.75,138.997,1444.75,104.151
8.125,139.143,1444.5,104.126
8.25,139.267,1444.75,104.094
10.25,139.409,1445.125,104.125
9.25,139.553,1444.75,104.135
8.125,139.692,1444.75,104.118
6.125,139.804,1444.5,104.052
6.25,139.904,1444.125,104.027
8.875,140.032,1444.75,104.08
7.75,140.174,1444.875,104.081
8.125,140.314,1445.375,104.094
7.375,140.449,1444.5,104.084
8.25,140.584,1444.75,104.085
9,140.723,1444.625,104.099
9.125,140.851,1444.75,104.085
7.75,140.97,1444.625,104.055
9,141.123,1445.625,104.106
7.375,141.249,1444.5,104.081
6.625,141.375,1444.5,104.067
6.75,141.5,1444.625,104.057
7.125,141.614,1443,104.04
6.5,141.726,1443,104.007
8.75,141.861,1445.75,104.062
8.875,142,1444.875,104.073
6.75,142.135,1444.75,104.043
8,142.252,1445.125,104.051
7.375,142.377,1444.375,104.037
6.875,142.494,1444.5,104.013
7.625,142.608,1443.75,104.018
8.25,142.75,1443.75,104.009
8.875,142.833,1444.875,104.039
5,142.964,1444.5,104.004
6.375,143.071,1444.5,104.001
6.375,143.187,1444.125,103.988
7.25,143.289,1443.125,103.996
9.25,143.434,1445.375,104.067
8.25,143.573,1446.5,104.062
7.25,143.696,1444.875,104.036
9.875,143.813,1444.875,104.064
9.375,143.955,1444.875,104.071
7.75,144.087,1444.5,104.069
7.875,144.222,1444.125,104.064
9.125,144.348,1443.375,104.08
6.75,144.478,1443.875,104.044
8.75,144.613,1445.25,104.087
8.25,144.764,1444.5,104.11
7.5,144.899,1444.75,104.081
7.375,145.03,1444.125,104.064
8.25,145.165,1443.25,104.078
8,145.288,1444.5,104.051
8.375,145.418,1445.625,104.048
9.75,145.56,1446.25,104.095
9.375,145.711,1445.25,104.129
7.875,145.842,1445.625,104.086
8,145.958,1444.75,104.063
7.375,146.098,1444.75,104.068
5.875,146.219,1445.25,104.024
6.625,146.323,1444.5,103.991
6.5,146.433,1444.5,103.972
5.75,146.537,1444.75,103.946
7.25,146.633,1445,103.946
7.75,146.74,1444.5,103.962
5.5,146.842,1444.375,103.925
5.75,146.926,1445.75,103.905
6.5,147.01,1444.375,103.91
5.625,147.1,1444.75,103.907
6,147.198,1444.5,103.916
5.75,147.289,1444.625,103.906
5,147.379,1444.375,103.899
4.25,147.466,1443.875,103.874
5.625,147.554,1444.625,103.894
5.875,147.652,1444.625,103.903
6.25,147.738,1445.5,103.902
5.875,147.831,1444.125,103.903
6.5,147.933,1444.75,103.929
6.75,148.024,1444.5,103.942
5.875,148.138,1444.5,103.956
4.5,148.219,1444.125,103.907
3.5,148.299,1443.625,103.871
5.875,148.394,1444,103.908
7.125,148.487,1444.625,103.939
7.375,148.606,1446.125,103.973
7.5,148.734,1445.5,104.004
6.5,148.829,1444.375,103.97
7.5,148.938,1445.75,103.993
6.875,149.071,1444.875,104.002
6.5,149.162,1444.75,103.976
5.75,149.271,1444.5,103.969
6.875,149.371,1444.625,103.975
4.75,149.473,1444.625,103.943
6,149.564,1445.625,103.95
5.5,149.66,1444.125,103.922
7.75,149.753,1444.625,103.956
5.75,149.862,1444.875,103.944
5.375,149.96,1444.25,103.919
7.75,150.046,1444.875,103.951
7.375,150.16,1444.75,103.976
8,150.283,1444.75,104.017
5.75,150.402,1444.875,103.996
8.25,150.525,1445,104.059
7.125,150.658,1444.75,104.06
7.5,150.795,1444.75,104.066
8.125,150.918,1444.625,104.068
5.5,151.035,1444.5,104.006
7,151.149,1444.125,104.014
7.5,151.279,1444,104.038
9.5,151.416,1444.75,104.084
6.75,151.546,1444.5,104.041
9,151.667,1443.75,104.067
9.125,151.812,1444.75,104.098
7.625,151.949,1445.125,104.078
7.625,152.088,1444.5,104.088
7.75,152.221,1445.875,104.08
5.5,152.37,1444.125,104.006
6.25,152.44,1444.5,103.994
9.375,152.575,1444.75,104.059
8,152.77,1445.125,104.089
8.125,152.859,1444.625,104.083
7.625,152.982,1444.625,104.053
8.25,153.108,1445,104.056
9.25,153.249,1445.5,104.102
6.375,153.382,1444.75,104.056
8.25,153.501,1444.875,104.062
6.75,153.633,1444.875,104.041
7.875,153.75,1444.5,104.033
6.75,153.852,1443.375,103.987
9,153.98,1443.25,104.037
8.125,154.101,1444.375,104.021
7.125,154.229,1444.625,104.018
6.5,154.352,1444.125,104.009
7.625,154.473,1445.75,104.032
6.5,154.587,1444.75,104.004
6.25,154.694,1444.5,103.987
5.875,154.79,1446.375,103.961
5.75,154.88,1444.5,103.933
5.25,154.967,1444.875,103.904
6,155.062,1444.125,103.915
6.375,155.157,1444.125,103.927
5.75,155.253,1443.5,103.914
5,155.336,1444.625,103.88
7,155.432,1444.75,103.93
6.5,155.546,1444.875,103.946
6.75,155.655,1444.625,103.967
6.5,155.755,1444.5,103.955
6,155.851,1444.5,103.938
7.125,155.944,1444.625,103.957
5.875,156.053,1444.75,103.943
6.125,156.155,1444.75,103.947
6.5,156.26,1444.5,103.965
5.5,156.365,1444.5,103.942
5.75,156.451,1444.125,103.93
7.5,156.537,1445.625,103.942
6.625,156.653,1445.125,103.962
7,156.746,1444.625,103.96
7.125,156.858,1445.5,103.973
5.75,156.958,1444.875,103.945
6.125,157.046,1444.625,103.944
6.375,157.144,1444.375,103.942
7.875,157.244,1445.125,103.966
6.625,157.363,1444.875,103.965
7.875,157.475,1445.125,103.997
6.625,157.568,1444.75,103.966
7.25,157.682,1446.125,103.987
6.125,157.796,1444.75,103.992
4.75,157.884,1444.125,103.937
8.25,157.986,1444.625,103.992
8.875,158.121,1445.75,104.043
6.625,158.254,1444.375,104.022
6.75,158.347,1444.125,103.993
6.625,158.454,1444.125,103.984
7.375,158.573,1444.5,104.005
7.375,158.684,1444.75,104.01
8.125,158.815,1444.75,104.049
8,158.954,1444.5,104.069
7.125,159.064,1443.5,104.026
6.375,159.171,1443,104.001
8,159.28,1443.125,104.018
8.375,159.41,1444.875,104.044
8.5,159.564,1444.75,104.102
7,159.699,1445.25,104.073
6.875,159.813,1444,104.049
7.875,159.938,1443.875,104.051
7.5,160.073,1445.75,104.045
7.875,160.185,1444.125,104.04
8,160.297,1444,104.03
6,160.434,1444.5,103.997
7.5,160.541,1444.125,104.008
8,160.667,1444.625,104.03
7.875,160.79,1444.5,104.037
9,160.92,1444.875,104.068
7.375,161.044,1444.5,104.038
8.875,161.174,1444.875,104.075
8,161.311,1444.625,104.077
7.625,161.432,1444.875,104.047
8.875,161.558,1447.75,104.069
8.375,161.697,1444.875,104.081
8.125,161.837,1444.125,104.076
5.25,161.951,1443.75,104.003
7.875,162.051,1445.25,104.018
7.5,162.188,1445,104.036
7.5,162.316,1444.375,104.04
6.5,162.439,1444,104.025
6.125,162.544,1443,103.993
7.125,162.642,1443,103.991
6.25,162.756,1443.125,103.979
9,162.874,1446,104.034
8.5,163.03,1444.875,104.094
9.875,163.186,1444.75,104.161
9.25,163.344,1444.125,104.15
9.625,163.503,1444.125,104.18
9.75,163.661,1444.75,104.185
10.25,163.821,1445.875,104.23
10.125,163.982,1444.875,104.266
9.375,164.136,1444.75,104.253
10.375,164.284,1444.875,104.259
8,164.44,1445.25,104.26
8.125,164.573,1444.75,104.222
7.875,164.715,1444.75,104.206
9.875,164.847,1444.5,104.224
8.5,165.001,1444.5,104.207
7.75,165.148,1444.75,104.192
8.375,165.28,1443.875,104.183
9.375,165.434,1445.5,104.208
8.25,165.58,1444.625,104.193
6.5,165.701,1443.125,104.136
8.875,165.818,1443.125,104.143
8,165.953,1445.125,104.143
9.375,166.088,1444.75,104.171
8,166.218,1445.875,104.151
8.75,166.362,1445.25,104.178
7.375,166.499,1444.625,104.151
7.75,166.625,1444.25,104.126
7.375,166.753,1443.75,104.109
6.625,166.855,1443.375,104.062
9.625,166.983,1443.875,104.122
9.125,167.118,1445.375,104.132
9.125,167.251,1445.25,104.144
9.75,167.4,1444.875,104.177
7.5,167.532,1444.875,104.138
9.25,167.67,1445.25,104.163
7.75,167.8,1444.75,104.132
6.375,167.921,1444.875,104.092
7.25,168.049,1444.75,104.101
8.625,168.177,1444.875,104.121
7.625,168.319,1446,104.114
8.375,168.43,1444.75,104.103
6.5,168.549,1444.75,104.058
6.5,168.663,1444.75,104.054
7.125,168.756,1445.625,104.036
7.625,168.879,1444.875,104.068
6.75,168.996,1444.25,104.048
6.875,169.096,1444.375,104.024
6.375,169.203,1444.75,104.015
6.875,169.312,1444.75,104.023
4.375,169.403,1443.75,103.957
6.25,169.496,1444.5,103.983
7.25,169.598,1444.625,104.004
6.125,169.712,1444.625,104.003
5.75,169.808,1444.5,103.983
6.25,169.908,1444.5,103.992
8.25,170.022,1444.625,104.04
6.25,170.122,1444.625,104.014
5.75,170.229,1444.625,104
5.75,170.329,1444.875,103.994
5.125,170.429,1444.875,103.981
7,170.531,1444.625,104
6.125,170.629,1444.625,103.981
6,170.72,1444.5,103.968
6.375,170.817,1444.75,103.977
6.5,170.913,1444.875,103.975
5.875,171.006,1445.625,103.974
7.625,171.12,1444.875,104.018
5.75,171.22,1444.5,103.986
4,171.292,1443.875,103.926
6.5,171.357,1443.375,103.928
9.125,171.46,1446.375,104.013
7,171.585,1444.625,104.025
7,171.716,1445,104.05
5.25,171.809,1444.5,103.998
5.125,171.885,1443.125,103.957
5.5,171.976,1443.125,103.952
9.375,172.097,1445.75,104.058
7.875,172.225,1445.75,104.059
6,172.339,1445,104.032
6.5,172.441,1444.25,104.032
4.75,172.532,1444.125,103.972
7,172.614,1444.75,103.984
7.25,172.735,1444.5,104.021
5.5,172.835,1444.5,103.989
6,172.93,1444.25,103.977
6.125,173.028,1444.125,103.989
6.125,173.121,1443.875,103.98
6.125,173.223,1444.5,103.984
7.5,173.328,1444.5,104.017
5,173.477,1444.5,103.995
6.125,173.572,1444.5,104.005
6.125,173.633,1444.375,103.994
7.25,173.756,1444.875,104.033
7.125,173.889,1444.75,104.058
6.25,174.005,1444.5,104.045
7.5,174.11,1444.125,104.051
7.25,174.238,1444.5,104.061
7,174.347,1444.25,104.048
7.625,174.472,1444.625,104.066
9,174.608,1444.75,104.111
9.875,174.749,1445.125,104.141
8,174.894,1444.625,104.128
7.125,175.017,1444.25,104.099
7.375,175.147,1444.75,104.097
8.75,175.28,1444.125,104.117
8.25,175.429,1444.125,104.133
7.625,175.559,1444.5,104.109
6.5,175.671,1444.125,104.057
9.75,175.815,1444.75,104.134
9.5,175.966,1445.5,104.155
9.75,176.131,1444.625,104.212
10.25,176.292,1446,104.281
10.125,176.45,1444.75,104.274
9.5,176.611,1445.25,104.267
7.5,176.741,1443.75,104.192
8.375,176.864,1443.375,104.169
8.25,177.009,1446.5,104.17
9.25,177.16,1445.875,104.203
9,177.304,1444.5,104.183
9.375,177.455,1444.75,104.201
8.125,177.606,1444.875,104.181
8.125,177.737,1444.75,104.15
8.625,177.869,1444.75,104.147
9.5,178.037,1444.875,104.126
9.375,178.118,1444.75,104.141
5.875,178.239,1444.625,104.077
8.375,178.365,1445.125,104.114
6.25,178.488,1444.875,104.077
6.25,178.595,1444.5,104.059
7.875,178.737,1444.75,104.109
4.25,178.837,1444.5,104.008
4.25,178.919,1444.125,103.962
4.5,178.988,1443.75,103.9
8.375,179.084,1444.875,103.982
6.75,179.191,1444.5,103.978
6.375,179.279,1445.25,103.968
6.625,179.375,1444.75,103.984
8.875,179.503,1445.625,104.063
6.375,179.626,1444.625,104.047
7.25,179.731,1444.125,104.041
5.375,179.833,1443,104.006
5,179.917,1443.125,103.966
6.875,180.003,1444.625,103.981
8.75,180.145,1445.75,104.072
7.75,180.294,1444.75,104.097
7.75,180.426,1445.5,104.104
9.875,180.571,1445.875,104.159
9.25,180.703,1445.75,104.144
9.25,180.852,1445.125,104.16
6.25,180.968,1444.625,104.08
5.75,181.068,1444.125,104.033
7.25,181.173,1445.25,104.048
6.75,181.31,1444.625,104.07
6,181.41,1444.5,104.023
8,181.529,1444.875,104.063
6.625,181.697,1444.625,104.036
7.5,181.778,1444.5,104.057
5.375,181.88,1445.25,103.998
8.5,181.992,1444.75,104.054
8.125,182.111,1444.625,104.053
8.625,182.255,1445.125,104.1
5.5,182.355,1443.625,104.019
6,182.446,1443.125,103.992
7.625,182.56,1445.25,104.03
7.75,182.683,1444.625,104.053
7.625,182.811,1445.5,104.06
7.75,182.948,1444.75,104.082
6.5,183.06,1444.625,104.045
6.625,183.172,1444.5,104.03
7.5,183.279,1444.875,104.04
7.25,183.4,1444.75,104.044
6.5,183.511,1444.5,104.033
7.75,183.639,1444.875,104.07
7.75,183.763,1444.5,104.07
7.75,183.884,1444.5,104.069
6.375,183.998,1444.25,104.042
6.75,184.112,1444,104.039
7.25,184.247,1444.125,104.058
7.75,184.372,1444.875,104.067
7.75,184.498,1444.5,104.068
8.75,184.63,1445,104.093
8.25,184.758,1444.75,104.085
9.125,184.891,1444.25,104.112
9,185.035,1445,104.126
7,185.156,1443,104.067
6.125,185.256,1443,104.02
7.25,185.361,1445.5,104.031
6.5,185.494,1444.75,104.032
6.625,185.612,1444.625,104.028
6.875,185.743,1443.25,104.046
5.5,185.838,1443.625,103.988
7.5,185.94,1444.125,104.009
7,186.057,1444.75,104.014
5.375,186.143,1444.375,103.952
5.25,186.215,1443.125,103.911
7,186.292,1446.125,103.935
6.875,186.429,1445.75,104.003
3.625,186.513,1445.875,103.909
4.375,186.573,1444.5,103.855
